stats_o/mean,test/episode,test/success_rate,test/mean_Q,stats_g/mean,train/episode,epoch,train/mean_Q,train/success_rate,stats_g/std,stats_o/std
0.2019163,20.0,0.1,-1.7242063,0.8446043,100.0,0,-1.5090157,0.05,0.11503732,0.05203995
0.20082933,40.0,0.0,-3.8844104,0.8385659,200.0,1,-3.1137202,0.11,0.10431615,0.051725093
0.20093279,60.0,0.1,-5.1970634,0.83872056,300.0,2,-5.0242815,0.05,0.10226273,0.051094368
0.20151548,80.0,0.05,-7.0529833,0.83854246,400.0,3,-6.3422117,0.09,0.10400251,0.05128462
0.2019406,100.0,0.0,-9.471576,0.8345373,500.0,4,-8.1329975,0.09,0.10378703,0.05223736
0.20199579,120.0,0.1,-10.275241,0.8377609,600.0,5,-10.420675,0.04,0.108467005,0.053883467
